Category,Item Name,Description,Reorder Level,Reorder Quantity,Selling Price (NGN)
Wound Care & Dressings,Gauze Roll,Sterile gauze roll for wound dressing,,,12750
Wound Care & Dressings,Sofra-Tulle,Medicated paraffin gauze dressing,,,360
Wound Care & Dressings,Crepe Bandage 4 inch,"Elastic crepe bandage, 4 inch width",,,750
Wound Care & Dressings,Crepe Bandage 10 inch,"Elastic crepe bandage, 10 inch width",,,825
Wound Care & Dressings,Agary Plaster 10cm & 5cm,"Adhesive wound plaster, available in 10cm and 5cm",,,3500
Wound Care & Dressings,Cotton Wool,Absorbent cotton wool for wound care,,,5250
Wound Care & Dressings,Soft Band,Soft cohesive bandage for light support,,,1200
Wound Care & Dressings,Abdominal Mop,Sterile abdominal swab/mop for surgical use,,,7500
Wound Care & Dressings,Surgical Drape,Sterile drape for surgical field coverage,,,6000
Wound Care & Dressings,Scotch Cast Size 3,"Synthetic casting tape, size 3",,,9750
Wound Care & Dressings,Scotch Cast Size 4,"Synthetic casting tape, size 4",,,9750
Wound Care & Dressings,Scotch Cast Size 5,"Synthetic casting tape, size 5",,,9750
IV & Infusion Supplies,Drip Set,Standard IV infusion drip set,,,1275
IV & Infusion Supplies,150cm Extension,"IV extension tubing, 150cm length",,,1800
IV & Infusion Supplies,50cm Extension,"IV extension tubing, 50cm length",,,1800
IV & Infusion Supplies,Blood Transfusion Set,Sterile set for blood transfusion administration,,,1350
IV & Infusion Supplies,Central Line,Central venous catheter line,,,52500
IV & Infusion Supplies,Grey Cannula,"IV cannula, grey (16G)",,,1125
IV & Infusion Supplies,Yellow Cannula,"IV cannula, yellow (24G)",,,1125
IV & Infusion Supplies,Blue Cannula,"IV cannula, blue (22G)",,,1125
IV & Infusion Supplies,Pink Cannula,"IV cannula, pink (20G)",,,1125
IV & Infusion Supplies,Green Cannula,"IV cannula, green (18G)",,,1125
IV & Infusion Supplies,Plain Bottle,Plain specimen/sample collection bottle,,,105
IV & Infusion Supplies,EDTA Bottle Green,"EDTA vacutainer bottle, green cap",,,135
IV & Infusion Supplies,EDTA Bottle Blue,"EDTA vacutainer bottle, blue cap",,,105
IV & Infusion Supplies,EDTA Bottle Red,"EDTA vacutainer bottle, red cap",,,120
IV & Infusion Supplies,EDTA Bottle Grey,"EDTA vacutainer bottle, grey cap",,,127.5
Respiratory & Airway,Nasal Cannula Adult,Adult nasal cannula for oxygen delivery,,,300
Respiratory & Airway,Oxygen Mask,Standard oxygen face mask,,,3750
Respiratory & Airway,Non-Rebreather Mask,High-concentration oxygen mask with reservoir bag,,,4050
Respiratory & Airway,Nebulizer Mask,Mask for nebulizer drug delivery,,,4050
Respiratory & Airway,Nasal Prong Adult,Adult nasal prongs for oxygen therapy,,,3000
Respiratory & Airway,Nasal Prong Child,Paediatric nasal prongs for oxygen therapy,,,3000
Respiratory & Airway,Suction Tube,"Suction catheter, sizes 5/6/8/10/12/14/16/18",,,1125
Respiratory & Airway,Suction Tubing,Connecting tubing for suction machine,,,4500
Respiratory & Airway,Guedel Airway Yellow,"Oropharyngeal airway, yellow (size 3)",,,1950
Respiratory & Airway,Guedel Airway White,"Oropharyngeal airway, white (size 4)",,,1950
Respiratory & Airway,Guedel Airway Red,"Oropharyngeal airway, red (size 2)",,,1950
Respiratory & Airway,Guedel Airway Green,"Oropharyngeal airway, green (size 1)",,,1950
Respiratory & Airway,Guedel Airway Orange,"Oropharyngeal airway, orange (size 0)",,,1950
Respiratory & Airway,Chest Drainage System,Closed chest drainage/underwater seal system,,,75000
Laboratory Supplies,Pipette Tips Yellow & Blue,"Disposable pipette tips, yellow and blue",,,500
Laboratory Supplies,Nutrient Agar,Microbiological culture medium,,,50000
Laboratory Supplies,Anti-Sera,Blood grouping antisera reagent,,,4125
Laboratory Supplies,FOB,Faecal occult blood test kit,,,450
Laboratory Supplies,HCV,Hepatitis C virus rapid test kit,,,450
Laboratory Supplies,VCRL,VDRL syphilis rapid test kit,,,450
Laboratory Supplies,HSBAG,Hepatitis B surface antigen rapid test kit,,,390
Laboratory Supplies,Accu-Chek Active Strip,Blood glucose test strip for Accu-Chek Active,,,450
Laboratory Supplies,Health Care Strip,Generic blood glucose test strip,,,390
Laboratory Supplies,Accu-Chek Instant Strip,Blood glucose test strip for Accu-Chek Instant,,,450
Laboratory Supplies,Lancet,Single-use finger-prick lancet,,,100
Laboratory Supplies,Microscope Slide,Plain glass microscope slide,,,30
Laboratory Supplies,Microscope Cover Slip,Glass cover slip for microscopy,,,30
Laboratory Supplies,Petri Dish,Sterile plastic petri dish for culture,,,975
Laboratory Supplies,Urine Bottle,Sterile urine specimen collection bottle,,,750
Laboratory Supplies,Urine Bottle with Stool,Combined urine and stool specimen container,,,975
Laboratory Supplies,Urinalysis Strip 11,11-parameter urine dipstick test strip,,,400
Laboratory Supplies,Urinalysis Strip 2,2-parameter urine dipstick test strip,,,200
Laboratory Supplies,Eco Paper,Thermal paper roll for ECG/lab printers,,,10200
Laboratory Supplies,Blood Collection Set/Butterfly Needle,Winged blood collection set/butterfly needle,,,225
Surgical Supplies,Surgical Gloves 7.0,"Sterile latex surgical gloves, size 7.0",,,768
Surgical Supplies,Surgical Gloves 7.5,"Sterile latex surgical gloves, size 7.5",,,750
Surgical Supplies,Surgical Gloves 8.0,"Sterile latex surgical gloves, size 8.0",,,750
Surgical Supplies,Elbow Length Gloves,Long sterile gloves for obstetric procedures,,,600
Surgical Supplies,Surgical Gowns,Sterile surgical gown for theatre use,,,7500
Surgical Supplies,Surgical Blade,"Disposable surgical blade, sizes 22/15/11/12/24",,,200
Surgical Supplies,Bipolar Forceps,Electrosurgical bipolar forceps,,,60000
Surgical Supplies,Diathermy Plate,Patient return electrode/diathermy plate,,,19500
Surgical Supplies,Diathermy Pencil,Electrosurgical diathermy pencil/handpiece,,,18000
Surgical Supplies,Vaginal Speculum,Bivalve vaginal speculum for gynaecological exam,,,1200
Surgical Supplies,Nick Collar Rigid S,"Rigid cervical neck collar, size small",,,52500
Sutures,Nylon 0,"Non-absorbable nylon suture, size 0",,,1125
Sutures,Nylon 1,"Non-absorbable nylon suture, size 1",,,1125
Sutures,Nylon 2,"Non-absorbable nylon suture, size 2",,,1125
Sutures,Nylon 2.0,"Non-absorbable nylon suture, size 2.0",,,1125
Sutures,Vicryl 0 RB,"Absorbable vicryl suture, size 0, round body needle",,,2505
Sutures,Vicryl 1 RB,"Absorbable vicryl suture, size 1, round body needle",,,2505
Sutures,Vicryl 2 RB,"Absorbable vicryl suture, size 2, round body needle",,,2505
Sutures,Vicryl 2.0 RB,"Absorbable vicryl suture, size 2.0, round body needle",,,2505
Sutures,Vicryl 3 RB,"Absorbable vicryl suture, size 3, round body needle",,,2505
Sutures,Vicryl 0 CT,"Absorbable vicryl suture, size 0, cutting needle",,,2505
Sutures,Vicryl 1 CT,"Absorbable vicryl suture, size 1, cutting needle",,,2505
Sutures,Vicryl 2 CT,"Absorbable vicryl suture, size 2, cutting needle",,,2505
Sutures,Vicryl 2.0 CT,"Absorbable vicryl suture, size 2.0, cutting needle",,,2505
Sutures,Vicryl 3 CT,"Absorbable vicryl suture, size 3, cutting needle",,,2505
Catheters & Tubes,Foley Catheter 12,"Two-way foley urinary catheter, size 12Fr",,,1350
Catheters & Tubes,Foley Catheter 14,"Two-way foley urinary catheter, size 14Fr",,,1125
Catheters & Tubes,Foley Catheter 16,"Two-way foley urinary catheter, size 16Fr",,,1125
Catheters & Tubes,Foley Catheter 18,"Two-way foley urinary catheter, size 18Fr",,,1125
Catheters & Tubes,Foley Catheter 20,"Two-way foley urinary catheter, size 20Fr",,,1125
Catheters & Tubes,Feeding Tube 10,"Nasogastric feeding tube, size 10Fr",,,1950
Catheters & Tubes,Feeding Tube 12,"Nasogastric feeding tube, size 12Fr",,,1950
Catheters & Tubes,Urine Bag,Sterile closed urine drainage bag,,,1500
Antiseptics & Disinfectants,Povidone Iodine,Broad-spectrum antiseptic solution,,,20000
Antiseptics & Disinfectants,Betadine Solution,Povidone-iodine antiseptic/wound cleanser,,,12750
Antiseptics & Disinfectants,G.V Solution,Gentian violet antiseptic solution,,,1440
Antiseptics & Disinfectants,Methylated Spirit,70% denatured ethanol for skin antisepsis,,,5700
Antiseptics & Disinfectants,Hydrogen Peroxide,3% hydrogen peroxide wound cleanser,,,1500
Antiseptics & Disinfectants,Vinegar,Acetic acid solution for clinical use,,,7500
Antiseptics & Disinfectants,Purit,Surface disinfectant/hand sanitiser,,,4800
Diagnostic & Point-of-Care Tests,H. Pylori Test,Rapid H. pylori antigen detection test,,,570
Diagnostic & Point-of-Care Tests,Pregnancy Test Strip,Urine-based hCG rapid pregnancy test strip,,,270
Diagnostic & Point-of-Care Tests,HIV Kits,Rapid HIV 1 & 2 antibody test kit,,,1350
Diagnostic & Point-of-Care Tests,Thermometer Digital,Digital clinical thermometer,,,2250
Diagnostic & Point-of-Care Tests,Thermometer Manual,Mercury/glass clinical thermometer,,,2250
PPE & Infection Control,Face Mask,3-ply disposable surgical face mask,,,225
PPE & Infection Control,Disposable Apron,Single-use plastic protective apron,,,1050
PPE & Infection Control,Shoe Cover,Disposable non-woven shoe cover,,,525
PPE & Infection Control,Nurses Cap,Disposable bouffant cap for clinical use,,,1050
PPE & Infection Control,Examination Gloves,Non-sterile latex examination gloves (box),,,6600
PPE & Infection Control,Waste Bin Disposable,Single-use clinical waste bin liner/bag,,,750
Miscellaneous,KY Jelly,Water-based lubricating jelly for clinical use,,,2250
Miscellaneous,Honey,Medical-grade honey for wound care,,,5500
Miscellaneous,Swap Stick,Sterile cotton-tipped applicator/swap stick,,,1050
Miscellaneous,Ultrasound Gel,Conductive gel for ultrasound imaging,,,750
Miscellaneous,BP Cuff,Blood pressure cuff/sphygmomanometer cuff,,,7500
Miscellaneous,Tongue Depressor,Disposable wooden tongue depressor,,,120
Miscellaneous,Oxygen,Medical oxygen (per cylinder/unit),,,40000
